studycafename,lcation,동
그루스터디카페 은평선일초센터,서울 은평구 갈현동,갈현동
비에이블스터디카페 은평갈현센터,서울 은평구 갈현동,갈현동
봄날의서재 연신내역점,서울 은평구 갈현동,갈현동
에브라임스터디카페 은평구산점,서울 은평구 구산동,갈현동
에피소드스터디카페,서울 은평구 갈현동,갈현동
봄스터디카페 갈현 본점,서울 은평구 갈현동,갈현동
씨앤씨 스터디카페,서울 은평구 갈현동,갈현동
여성전용1인실스터디카페 스터디마인,서울 은평구 갈현동,갈현동
비에이블스터디카페 은평갈현센터,서울 은평구 갈현동,갈현동
유스스터디카페,서울 은평구 갈현동,갈현동
그루스터디카페 은평선일초센터,서울 은평구 갈현동,구산동
비에이블스터디카페 은평갈현센터,서울 은평구 갈현동,구산동
봄날의서재 연신내역점,서울 은평구 갈현동,구산동
에브라임스터디카페 은평구산점,서울 은평구 구산동,구산동
에피소드스터디카페,서울 은평구 갈현동,구산동
봄스터디카페 갈현 본점,서울 은평구 갈현동,구산동
씨앤씨 스터디카페,서울 은평구 갈현동,구산동
여성전용1인실스터디카페 스터디마인,서울 은평구 갈현동,구산동
비에이블스터디카페 은평갈현센터,서울 은평구 갈현동,구산동
유스스터디카페,서울 은평구 갈현동,구산동
그루스터디카페 은평선일초센터,서울 은평구 갈현동,구산동
스카,서울 은평구 갈현동,구산동
청담독서실,서울 은평구 구산동,구산동
포시즌독서실,서울 은평구 갈현동,구산동
프리미엄 뉴 다빈치 독서실,서울 은평구 갈현동,구산동
YOUTH STUDY CAFE,서울 은평구 갈현동,구산동
다짐스터디카페 응암점,서울 은평구 응암동,구산동
이제마스터디카페 응암점,서울 은평구 응암동,구산동
블루레몬스터디카페 연신내점,서울 은평구 대조동,구산동
900원 24시 숲 스터디카페,서울 은평구 불광동,구산동
몰입스터디카페 향동센터,고양 덕양구 향동동,구산동
스코관리형스터디카페 응암,서울 은평구 응암동,구산동
위넌스터디카페 응암역점,서울 은평구 응암동,구산동
공본스터디카페 응암센터,서울 은평구 응암동,구산동
이안스터디카페 응암역점,서울 은평구 역촌동,구산동
디딤스터디카페 은평신사센터,서울 은평구 신사동,구산동
공부인 스터디카페 고양향동센터,고양 덕양구 향동동,구산동
지공스터디카페 은평신사점,서울 은평구 신사동,구산동
화이트펜슬 스터디카페 서울역촌점,서울 은평구 역촌동,구산동
스터디카페더딩글 응암역,서울 은평구 역촌동,구산동
스터디카페청춘 은평신사점,서울 은평구 신사동,구산동
명인에듀 은평엠스페이스,서울 은평구 역촌동,구산동
쌤스터디카페,고양 덕양구 향동동,구산동
노블 24시 스터디카페,서울 은평구 불광동,구산동
900원 숲 24시 스터디카페,서울 은평구 응암동,구산동
공감1스터디카페&오피스,서울 은평구 역촌동,구산동
지니24스터디카페 은평신사점,서울 은평구 신사동,구산동
예일24스터디카페,서울 은평구 응암동,구산동
레벨업스터디카페 고양향동점,고양 덕양구 향동동,구산동
이제마스터디카페 역촌점,서울 은평구 역촌동,구산동
에코플러스스터디카페 응암점,서울 은평구 역촌동,구산동
챕터스터디카페,서울 은평구 대조동,구산동
노블퀸 여성전용 스터디카페,서울 은평구 불광동,구산동
코너스터디카페,서울 은평구 불광동,구산동
스터디카페 스타트업플레이스,서울 은평구 불광동,구산동
사계절프라이빗독서실 구산역점,서울 은평구 대조동,구산동
사계절프리미엄독서실 역촌역점,서울 은평구 대조동,구산동
소나무독서실,서울 은평구 응암동,구산동
원상복구편의점철거스터디카페철거중국집철거셀프사진관철거,서울 은평구 갈현동,구산동
원상복구편의점철거스터디카페철거중국집철거셀프사진관철거,서울 은평구 대조동,구산동
원상복구편의점철거스터디카페철거중국집철거셀프사진관철거,고양 덕양구 향동동,구산동
원상복구편의점철거스터디카페철거중국집철거셀프사진관철거,서울 은평구 응암동,구산동
원상복구편의점철거스터디카페철거중국집철거셀프사진관철거,서울 은평구 역촌동,구산동
900원 24시 숲 스터디카페,서울 은평구 불광동,불광동
노블 24시 스터디카페,서울 은평구 불광동,불광동
토즈스터디랩 독바위역스터디카페,서울 은평구 불광동,불광동
900원 24시 숲 스터디카페,서울 은평구 불광동,불광동
공본스터디카페 불광센터,서울 은평구 불광동,불광동
24H 스터디카페 청춘 독바위점,서울 은평구 불광동,불광동
노블 24시 스터디카페,서울 은평구 불광동,불광동
24H 스터디카페 청춘 불광점,서울 은평구 불광동,불광동
노블퀸 여성전용 스터디카페,서울 은평구 불광동,불광동
코너스터디카페,서울 은평구 불광동,불광동
스터디카페 스타트업플레이스,서울 은평구 불광동,불광동
원상복구편의점철거스터디카페철거중국집철거셀프사진관철거,서울 은평구 불광동,불광동
사계절프리미엄독서실 불광점,서울 은평구 불광동,불광동
토즈스터디랩 독바위역독서실,서울 은평구 불광동,불광동
봄날의서재 연신내역점,서울 은평구 갈현동,불광동
다짐스터디카페 응암점,서울 은평구 응암동,불광동
이제마스터디카페 응암점,서울 은평구 응암동,불광동
르하임스터디카페 구파발역점,서울 은평구 진관동,불광동
블루레몬스터디카페 연신내점,서울 은평구 대조동,불광동
스코관리형스터디카페 응암,서울 은평구 응암동,불광동
오슬로 스터디 카페 녹번역점,서울 은평구 녹번동,불광동
공본스터디카페 응암센터,서울 은평구 응암동,불광동
공유오피스 스타트업플레이스 연신내점,서울 은평구 불광동,불광동
공본스터디카페 은평뉴타운센터,서울 은평구 진관동,불광동
이안스터디카페 응암역점,서울 은평구 역촌동,불광동
디딤스터디카페 은평신사센터,서울 은평구 신사동,불광동
지공스터디카페 은평신사점,서울 은평구 신사동,불광동
공본스터디카페 녹번역센터,서울 은평구 녹번동,불광동
화이트펜슬 스터디카페 서울역촌점,서울 은평구 역촌동,불광동
에브라임스터디카페 은평구산점,서울 은평구 구산동,불광동
스터디카페더딩글 응암역,서울 은평구 역촌동,불광동
스터디카페청춘 은평신사점,서울 은평구 신사동,불광동
명인에듀 은평엠스페이스,서울 은평구 역촌동,불광동
어썸팩토리 은평플레이스,서울 은평구 녹번동,불광동
킴스터디카페,서울 서대문구 홍은동,불광동
에피소드스터디카페,서울 은평구 갈현동,불광동
900원 숲 24시 스터디카페,서울 은평구 응암동,불광동
봄스터디카페 갈현 본점,서울 은평구 갈현동,불광동
공감1스터디카페&오피스,서울 은평구 역촌동,불광동
씨앤씨 스터디카페,서울 은평구 갈현동,불광동
여성전용1인실스터디카페 스터디마인,서울 은평구 갈현동,불광동
공감스터디카페,서울 은평구 진관동,불광동
세검정스터디카페,서울 종로구 홍지동,불광동
미라클 스터디카페 은평진관센터,서울 은평구 진관동,불광동
800원 24시 무인 스터디 카페 코코,서울 은평구 진관동,불광동
예일24스터디카페,서울 은평구 응암동,불광동
비원스터디카페,서울 은평구 녹번동,불광동
비에이블스터디카페 은평갈현센터,서울 은평구 갈현동,불광동
이루고스터디카페,서울 은평구 진관동,불광동
유스스터디카페,서울 은평구 갈현동,불광동
그루스터디카페 은평선일초센터,서울 은평구 갈현동,불광동
이제마스터디카페 역촌점,서울 은평구 역촌동,불광동
에코플러스스터디카페 응암점,서울 은평구 역촌동,불광동
챕터스터디카페,서울 은평구 대조동,불광동
브뤼케 스터디카페,서울 은평구 진관동,불광동
스카,서울 은평구 갈현동,불광동
사계절프라이빗독서실 구산역점,서울 은평구 대조동,불광동
토즈스터디센터 구파발센터,서울 은평구 진관동,불광동
사계절프리미엄독서실 역촌역점,서울 은평구 대조동,불광동
라이브러리플러스독서실,서울 은평구 진관동,불광동
청담독서실,서울 은평구 구산동,불광동
소나무독서실,서울 은평구 응암동,불광동
포시즌독서실,서울 은평구 갈현동,불광동
프리미엄 뉴 다빈치 독서실,서울 은평구 갈현동,불광동
YOUTH STUDY CAFE,서울 은평구 갈현동,불광동
뉴턴테크놀러지,서울 은평구 응암동,불광동
원상복구편의점철거스터디카페철거중국집철거셀프사진관철거,서울 서대문구 홍은동,불광동
원상복구편의점철거스터디카페철거중국집철거셀프사진관철거,서울 은평구 대조동,불광동
원상복구편의점철거스터디카페철거중국집철거셀프사진관철거,서울 은평구 응암동,불광동
원상복구편의점철거스터디카페철거중국집철거셀프사진관철거,서울 은평구 갈현동,불광동
원상복구편의점철거스터디카페철거중국집철거셀프사진관철거,서울 은평구 진관동,불광동
원상복구편의점철거스터디카페철거중국집철거셀프사진관철거,서울 은평구 녹번동,불광동
원상복구편의점철거스터디카페철거중국집철거셀프사진관철거,서울 은평구 역촌동,불광동
블루레몬스터디카페 연신내점,서울 은평구 대조동,대조동
챕터스터디카페,서울 은평구 대조동,대조동
사계절프라이빗독서실 구산역점,서울 은평구 대조동,대조동
사계절프리미엄독서실 역촌역점,서울 은평구 대조동,대조동
봄날의서재 연신내역점,서울 은평구 갈현동,대조동
토즈스터디랩 독바위역스터디카페,서울 은평구 불광동,대조동
다짐스터디카페 응암점,서울 은평구 응암동,대조동
이제마스터디카페 응암점,서울 은평구 응암동,대조동
900원 24시 숲 스터디카페,서울 은평구 불광동,대조동
스코관리형스터디카페 응암,서울 은평구 응암동,대조동
오슬로 스터디 카페 녹번역점,서울 은평구 녹번동,대조동
공본스터디카페 응암센터,서울 은평구 응암동,대조동
공본스터디카페 불광센터,서울 은평구 불광동,대조동
이안스터디카페 응암역점,서울 은평구 역촌동,대조동
디딤스터디카페 은평신사센터,서울 은평구 신사동,대조동
지공스터디카페 은평신사점,서울 은평구 신사동,대조동
공본스터디카페 녹번역센터,서울 은평구 녹번동,대조동
화이트펜슬 스터디카페 서울역촌점,서울 은평구 역촌동,대조동
에브라임스터디카페 은평구산점,서울 은평구 구산동,대조동
스터디카페더딩글 응암역,서울 은평구 역촌동,대조동
스터디카페청춘 은평신사점,서울 은평구 신사동,대조동
24H 스터디카페 청춘 독바위점,서울 은평구 불광동,대조동
명인에듀 은평엠스페이스,서울 은평구 역촌동,대조동
어썸팩토리 은평플레이스,서울 은평구 녹번동,대조동
에피소드스터디카페,서울 은평구 갈현동,대조동
노블 24시 스터디카페,서울 은평구 불광동,대조동
900원 숲 24시 스터디카페,서울 은평구 응암동,대조동
봄스터디카페 갈현 본점,서울 은평구 갈현동,대조동
공감1스터디카페&오피스,서울 은평구 역촌동,대조동
씨앤씨 스터디카페,서울 은평구 갈현동,대조동
여성전용1인실스터디카페 스터디마인,서울 은평구 갈현동,대조동
24H 스터디카페 청춘 불광점,서울 은평구 불광동,대조동
예일24스터디카페,서울 은평구 응암동,대조동
비원스터디카페,서울 은평구 녹번동,대조동
비에이블스터디카페 은평갈현센터,서울 은평구 갈현동,대조동
유스스터디카페,서울 은평구 갈현동,대조동
그루스터디카페 은평선일초센터,서울 은평구 갈현동,대조동
이제마스터디카페 역촌점,서울 은평구 역촌동,대조동
에코플러스스터디카페 응암점,서울 은평구 역촌동,대조동
노블퀸 여성전용 스터디카페,서울 은평구 불광동,대조동
코너스터디카페,서울 은평구 불광동,대조동
스터디카페 스타트업플레이스,서울 은평구 불광동,대조동
원상복구편의점철거스터디카페철거중국집철거셀프사진관철거,서울 은평구 불광동,대조동
스카,서울 은평구 갈현동,대조동
사계절프리미엄독서실 불광점,서울 은평구 불광동,대조동
청담독서실,서울 은평구 구산동,대조동
토즈스터디랩 독바위역독서실,서울 은평구 불광동,대조동
소나무독서실,서울 은평구 응암동,대조동
포시즌독서실,서울 은평구 갈현동,대조동
프리미엄 뉴 다빈치 독서실,서울 은평구 갈현동,대조동
YOUTH STUDY CAFE,서울 은평구 갈현동,대조동
뉴턴테크놀러지,서울 은평구 응암동,대조동
원상복구편의점철거스터디카페철거중국집철거셀프사진관철거,서울 은평구 응암동,대조동
원상복구편의점철거스터디카페철거중국집철거셀프사진관철거,서울 은평구 갈현동,대조동
원상복구편의점철거스터디카페철거중국집철거셀프사진관철거,서울 은평구 녹번동,대조동
원상복구편의점철거스터디카페철거중국집철거셀프사진관철거,서울 은평구 역촌동,대조동
원상복구편의점철거스터디카페철거중국집철거셀프사진관철거,서울 은평구 대조동,대조동
리바운드 은평수색점,서울 은평구 수색동,수색동
앤딩스터디카페 북가좌점,서울 서대문구 북가좌동,수색동
독심 관리형스터디카페,서울 마포구 성산동,수색동
그린스터디카페,서울 마포구 상암동,수색동
몰입스터디카페 향동센터,고양 덕양구 향동동,수색동
위넌스터디카페 북가좌점,서울 서대문구 북가좌동,수색동
디딤스터디카페 은평신사센터,서울 은평구 신사동,수색동
공부인 스터디카페 고양향동센터,고양 덕양구 향동동,수색동
스터디카페24365 새절역캠퍼스,서울 은평구 신사동,수색동
이제마스터디카페 월드컵점,서울 마포구 성산동,수색동
지공스터디카페 은평신사점,서울 은평구 신사동,수색동
공본스터디카페 상암센터,서울 마포구 상암동,수색동
스터디카페청춘 은평신사점,서울 은평구 신사동,수색동
쌤스터디카페,고양 덕양구 향동동,수색동
망고스터디카페,서울 마포구 중동,수색동
지니24 스터디카페 상암DMC점,서울 마포구 상암동,수색동
스터디카페 Live Your Life,서울 마포구 상암동,수색동
지니24스터디카페 은평신사점,서울 은평구 신사동,수색동
이룸24스터디카페,서울 서대문구 북가좌동,수색동
올다스터디카페,서울 마포구 성산동,수색동
레벨업스터디카페 고양향동점,고양 덕양구 향동동,수색동
블랙라벨 스터디카페 북가좌점,서울 서대문구 북가좌동,수색동
지니24스터디카페 가재울DMC점,서울 서대문구 남가좌동,수색동
지니24스터디카페 성산점,서울 마포구 성산동,수색동
미라클스터디카페 북가좌센터,서울 서대문구 북가좌동,수색동
알지스터디플렉스,서울 마포구 상암동,수색동
관리형독서실 독심,서울 마포구 성산동,수색동
아카데미라운지 북가좌독서실,서울 서대문구 북가좌동,수색동
토즈스터디센터 북가좌센터,서울 서대문구 북가좌동,수색동
중앙독서실,서울 마포구 성산동,수색동
플랜스터디앤워크,서울 마포구 성산동,수색동
알앤디플랜비 인테리어,서울 은평구 증산동,수색동
티오지,서울 은평구 증산동,수색동
원상복구편의점철거스터디카페철거중국집철거셀프사진관철거,서울 서대문구 북가좌동,수색동
원상복구편의점철거스터디카페철거중국집철거셀프사진관철거,고양 덕양구 향동동,수색동
원상복구편의점철거스터디카페철거중국집철거셀프사진관철거,서울 마포구 중동,수색동
원상복구편의점철거스터디카페철거중국집철거셀프사진관철거,서울 마포구 상암동,수색동
원상복구편의점철거스터디카페철거중국집철거셀프사진관철거,서울 은평구 수색동,수색동
원상복구편의점철거스터디카페철거중국집철거셀프사진관철거,서울 은평구 증산동,수색동
디딤스터디카페 은평신사센터,서울 은평구 신사동,신사동
스터디카페24365 새절역캠퍼스,서울 은평구 신사동,신사동
지공스터디카페 은평신사점,서울 은평구 신사동,신사동
스터디카페청춘 은평신사점,서울 은평구 신사동,신사동
지니24스터디카페 은평신사점,서울 은평구 신사동,신사동
위넌스터디카페 북가좌2호점,서울 은평구 응암동,신사동
다짐스터디카페 응암점,서울 은평구 응암동,신사동
이제마스터디카페 응암점,서울 은평구 응암동,신사동
멘토즈스터디카페 응암백련산점,서울 은평구 응암동,신사동
몰입스터디카페 향동센터,고양 덕양구 향동동,신사동
스코관리형스터디카페 응암,서울 은평구 응암동,신사동
위넌스터디카페 응암역점,서울 은평구 응암동,신사동
공본스터디카페 응암센터,서울 은평구 응암동,신사동
위넌스터디카페 북가좌점,서울 서대문구 북가좌동,신사동
이안스터디카페 응암역점,서울 은평구 역촌동,신사동
시스 스터디카페 서대문은평센터,서울 은평구 응암동,신사동
작심스터디카페 서울명지대점,서울 서대문구 남가좌동,신사동
작심스터디카페 명지대후문점,서울 서대문구 남가좌동,신사동
리바운드 은평수색점,서울 은평구 수색동,신사동
공부인 스터디카페 고양향동센터,고양 덕양구 향동동,신사동
화이트펜슬 스터디카페 서울역촌점,서울 은평구 역촌동,신사동
에브라임스터디카페 은평구산점,서울 은평구 구산동,신사동
르하임스터디카페 명지대점,서울 서대문구 홍은동,신사동
스터디카페더딩글 응암역,서울 은평구 역촌동,신사동
엑시엄수학학원 3관 전용스터디카페,서울 은평구 응암동,신사동
위넌스터디카페 명지대점,서울 서대문구 홍은동,신사동
명인에듀 은평엠스페이스,서울 은평구 역촌동,신사동
쌤스터디카페,고양 덕양구 향동동,신사동
스페이스터디,서울 은평구 응암동,신사동
브레인업 스터디카페,서울 서대문구 북가좌동,신사동
백련 스터디카페,서울 은평구 응암동,신사동
공감1스터디카페&오피스,서울 은평구 역촌동,신사동
랭스터디카페 명지대점,서울 서대문구 남가좌동,신사동
비허밍스터디카페 명지대점,서울 서대문구 홍은동,신사동
여성전용1인실스터디카페 스터디마인,서울 은평구 갈현동,신사동
레벨업스터디카페 고양향동점,고양 덕양구 향동동,신사동
이제마스터디카페 역촌점,서울 은평구 역촌동,신사동
에코플러스스터디카페 응암점,서울 은평구 역촌동,신사동
미라클스터디카페 북가좌센터,서울 서대문구 북가좌동,신사동
사계절프라이빗독서실 구산역점,서울 은평구 대조동,신사동
사계절프리미엄독서실 역촌역점,서울 은평구 대조동,신사동
달콤커피 명지대점,서울 서대문구 남가좌동,신사동
청담독서실,서울 은평구 구산동,신사동
소나무독서실,서울 은평구 응암동,신사동
알앤디플랜비 인테리어,서울 은평구 증산동,신사동
티오지,서울 은평구 증산동,신사동
원상복구편의점철거스터디카페철거중국집철거셀프사진관철거,고양 덕양구 향동동,신사동
원상복구편의점철거스터디카페철거중국집철거셀프사진관철거,서울 마포구 상암동,신사동
원상복구편의점철거스터디카페철거중국집철거셀프사진관철거,서울 은평구 수색동,신사동
원상복구편의점철거스터디카페철거중국집철거셀프사진관철거,서울 은평구 역촌동,신사동
원상복구편의점철거스터디카페철거중국집철거셀프사진관철거,서울 은평구 증산동,신사동
900원 숲 24시 스터디카페,서울 은평구 응암동,응암동
위넌스터디카페 응암역점,서울 은평구 응암동,응암동
위넌스터디카페 북가좌2호점,서울 은평구 응암동,응암동
다짐스터디카페 응암점,서울 은평구 응암동,응암동
이제마스터디카페 응암점,서울 은평구 응암동,응암동
멘토즈스터디카페 응암백련산점,서울 은평구 응암동,응암동
스코관리형스터디카페 응암,서울 은평구 응암동,응암동
위넌스터디카페 응암역점,서울 은평구 응암동,응암동
공본스터디카페 응암센터,서울 은평구 응암동,응암동
시스 스터디카페 서대문은평센터,서울 은평구 응암동,응암동
엑시엄수학학원 3관 전용스터디카페,서울 은평구 응암동,응암동
스페이스터디,서울 은평구 응암동,응암동
900원 숲 24시 스터디카페,서울 은평구 응암동,응암동
백련 스터디카페,서울 은평구 응암동,응암동
예일24스터디카페,서울 은평구 응암동,응암동
소나무독서실,서울 은평구 응암동,응암동
뉴턴테크놀러지,서울 은평구 응암동,응암동
앤딩스터디카페 북가좌점,서울 서대문구 북가좌동,응암동
앤딩스터디카페 홍제역점,서울 서대문구 홍제동,응암동
오슬로 스터디 카페 녹번역점,서울 은평구 녹번동,응암동
위넌스터디카페 북가좌점,서울 서대문구 북가좌동,응암동
이안스터디카페 응암역점,서울 은평구 역촌동,응암동
앤딩스터디카페 홍은점,서울 서대문구 홍제동,응암동
작심스터디카페 서울명지대점,서울 서대문구 남가좌동,응암동
두스터디카페,서울 서대문구 홍제동,응암동
디딤스터디카페 은평신사센터,서울 은평구 신사동,응암동
작심스터디카페 명지대후문점,서울 서대문구 남가좌동,응암동
스터디카페24365 새절역캠퍼스,서울 은평구 신사동,응암동
지공스터디카페 은평신사점,서울 은평구 신사동,응암동
공본스터디카페 홍은센터,서울 서대문구 홍은동,응암동
이제마스터디카페 연희점,서울 서대문구 연희동,응암동
공본스터디카페 녹번역센터,서울 은평구 녹번동,응암동
화이트펜슬 스터디카페 서울역촌점,서울 은평구 역촌동,응암동
공본스터디카페 모래내센터,서울 서대문구 홍은동,응암동
당근 스터디카페,서울 서대문구 홍제동,응암동
에브라임스터디카페 은평구산점,서울 은평구 구산동,응암동
르하임스터디카페 명지대점,서울 서대문구 홍은동,응암동
스터디카페더딩글 응암역,서울 은평구 역촌동,응암동
스터디카페청춘 은평신사점,서울 은평구 신사동,응암동
위넌스터디카페 명지대점,서울 서대문구 홍은동,응암동
서수희관리형스터디카페,서울 서대문구 홍제동,응암동
명인에듀 은평엠스페이스,서울 은평구 역촌동,응암동
어썸팩토리 은평플레이스,서울 은평구 녹번동,응암동
프라임수학 스터디카페,서울 서대문구 남가좌동,응암동
리체움스터디카페,서울 서대문구 홍은동,응암동
브레인업 스터디카페,서울 서대문구 북가좌동,응암동
공감1스터디카페&오피스,서울 은평구 역촌동,응암동
런앤런스터디카페 가재울점,서울 서대문구 남가좌동,응암동
랭스터디카페 명지대점,서울 서대문구 남가좌동,응암동
지니24스터디카페 은평신사점,서울 은평구 신사동,응암동
데어스터디카페 홍은스테이,서울 서대문구 홍은동,응암동
비허밍스터디카페 명지대점,서울 서대문구 홍은동,응암동
24H 스터디카페 청춘 불광점,서울 은평구 불광동,응암동
비원스터디카페,서울 은평구 녹번동,응암동
지니24스터디카페 홍제역점,서울 서대문구 홍제동,응암동
제이24 스터디카페,서울 서대문구 홍제동,응암동
지니24스터디카페 홍은점,서울 서대문구 홍은동,응암동
이룸24스터디카페,서울 서대문구 북가좌동,응암동
미라클스터디카페 홍제센터,서울 서대문구 홍제동,응암동
나무스터디카페,서울 서대문구 홍제동,응암동
이제마스터디카페 역촌점,서울 은평구 역촌동,응암동
블랙라벨 스터디카페 북가좌점,서울 서대문구 북가좌동,응암동
에코플러스스터디카페 응암점,서울 은평구 역촌동,응암동
미라클스터디카페 북가좌센터,서울 서대문구 북가좌동,응암동
원상복구편의점철거스터디카페철거중국집철거셀프사진관철거,서울 은평구 불광동,응암동
사계절프리미엄독서실 역촌역점,서울 은평구 대조동,응암동
달콤커피 명지대점,서울 서대문구 남가좌동,응암동
아카데미라운지 북가좌독서실,서울 서대문구 북가좌동,응암동
그린스터디플레이스 가재울점,서울 서대문구 남가좌동,응암동
어반트리 홍제센터,서울 서대문구 홍제동,응암동
토즈스터디센터 북가좌센터,서울 서대문구 북가좌동,응암동
한스 스터디 비즈룸카페 본점,서울 서대문구 홍은동,응암동
알앤디플랜비 인테리어,서울 은평구 증산동,증산동
티오지,서울 은평구 증산동,증산동
위넌스터디카페 북가좌2호점,서울 은평구 응암동,증산동
다짐스터디카페 응암점,서울 은평구 응암동,증산동
앤딩스터디카페 북가좌점,서울 서대문구 북가좌동,증산동
멘토즈스터디카페 응암백련산점,서울 은평구 응암동,증산동
독심 관리형스터디카페,서울 마포구 성산동,증산동
위넌스터디카페 응암역점,서울 은평구 응암동,증산동
위넌스터디카페 북가좌점,서울 서대문구 북가좌동,증산동
시스 스터디카페 서대문은평센터,서울 은평구 응암동,증산동
작심스터디카페 명지대후문점,서울 서대문구 남가좌동,증산동
리바운드 은평수색점,서울 은평구 수색동,증산동
공부인 스터디카페 고양향동센터,고양 덕양구 향동동,증산동
스터디카페24365 새절역캠퍼스,서울 은평구 신사동,증산동
이제마스터디카페 월드컵점,서울 마포구 성산동,증산동
스터디카페청춘 은평신사점,서울 은평구 신사동,증산동
엑시엄수학학원 3관 전용스터디카페,서울 은평구 응암동,증산동
쌤스터디카페,고양 덕양구 향동동,증산동
프라임수학 스터디카페,서울 서대문구 남가좌동,증산동
스페이스터디,서울 은평구 응암동,증산동
망고스터디카페,서울 마포구 중동,증산동
브레인업 스터디카페,서울 서대문구 북가좌동,증산동
백련 스터디카페,서울 은평구 응암동,증산동
지니24 스터디카페 상암DMC점,서울 마포구 상암동,증산동
지니24스터디카페 은평신사점,서울 은평구 신사동,증산동
이룸24스터디카페,서울 서대문구 북가좌동,증산동
올다스터디카페,서울 마포구 성산동,증산동
레벨업스터디카페 고양향동점,고양 덕양구 향동동,증산동
블랙라벨 스터디카페 북가좌점,서울 서대문구 북가좌동,증산동
지니24스터디카페 가재울DMC점,서울 서대문구 남가좌동,증산동
지니24스터디카페 성산점,서울 마포구 성산동,증산동
미라클스터디카페 북가좌센터,서울 서대문구 북가좌동,증산동
관리형독서실 독심,서울 마포구 성산동,증산동
아카데미라운지 북가좌독서실,서울 서대문구 북가좌동,증산동
토즈스터디센터 가좌2센터,서울 서대문구 남가좌동,증산동
그린스터디플레이스 가재울점,서울 서대문구 남가좌동,증산동
토즈스터디센터 북가좌센터,서울 서대문구 북가좌동,증산동
중앙독서실,서울 마포구 성산동,증산동
플랜스터디앤워크,서울 마포구 성산동,증산동
원상복구편의점철거스터디카페철거중국집철거셀프사진관철거,서울 마포구 중동,증산동
원상복구편의점철거스터디카페철거중국집철거셀프사진관철거,서울 서대문구 남가좌동,증산동
원상복구편의점철거스터디카페철거중국집철거셀프사진관철거,서울 마포구 상암동,증산동
원상복구편의점철거스터디카페철거중국집철거셀프사진관철거,서울 은평구 수색동,증산동
원상복구편의점철거스터디카페철거중국집철거셀프사진관철거,서울 은평구 증산동,증산동
원상복구편의점철거스터디카페철거중국집철거셀프사진관철거,서울 서대문구 북가좌동,증산동
르하임스터디카페 구파발역점,서울 은평구 진관동,진관동
공본스터디카페 은평뉴타운센터,서울 은평구 진관동,진관동
STUDYCAFE_SU,서울 은평구 진관동,진관동
공감스터디카페,서울 은평구 진관동,진관동
미라클 스터디카페 은평진관센터,서울 은평구 진관동,진관동
800원 24시 무인 스터디 카페 코코,서울 은평구 진관동,진관동
이루고스터디카페,서울 은평구 진관동,진관동
스터디카페 나무,서울 은평구 진관동,진관동
브뤼케 스터디카페,서울 은평구 진관동,진관동
토즈스터디센터 구파발센터,서울 은평구 진관동,진관동
라이브러리플러스독서실,서울 은평구 진관동,진관동
봄날의서재 연신내역점,서울 은평구 갈현동,진관동
토즈스터디랩 독바위역스터디카페,서울 은평구 불광동,진관동
블루레몬스터디카페 연신내점,서울 은평구 대조동,진관동
900원 24시 숲 스터디카페,서울 은평구 불광동,진관동
공본스터디카페 불광센터,서울 은평구 불광동,진관동
공본스터디카페 지축센터,고양 덕양구 지축동,진관동
24H 스터디카페 청춘 독바위점,서울 은평구 불광동,진관동
에피소드스터디카페,서울 은평구 갈현동,진관동
노블 24시 스터디카페,서울 은평구 불광동,진관동
올탑스터디카페 삼송점,고양 덕양구 삼송동,진관동
지담스터디카페 지축점,고양 덕양구 지축동,진관동
씨앤씨 스터디카페,서울 은평구 갈현동,진관동
비에이블스터디카페 은평갈현센터,서울 은평구 갈현동,진관동
유스스터디카페,서울 은평구 갈현동,진관동
그루스터디카페 은평선일초센터,서울 은평구 갈현동,진관동
공유 오피스 & 스터디 카페 나무 2호점,고양 덕양구 지축동,진관동
노블퀸 여성전용 스터디카페,서울 은평구 불광동,진관동
코너스터디카페,서울 은평구 불광동,진관동
스터디카페 스타트업플레이스,서울 은평구 불광동,진관동
스카,서울 은평구 갈현동,진관동
아이워크 라운지,고양 덕양구 동산동,진관동
토즈스터디랩 독바위역독서실,서울 은평구 불광동,진관동
포시즌독서실,서울 은평구 갈현동,진관동
프리미엄 뉴 다빈치 독서실,서울 은평구 갈현동,진관동
YOUTH STUDY CAFE,서울 은평구 갈현동,진관동
원상복구편의점철거스터디카페철거중국집철거셀프사진관철거,서울 은평구 갈현동,진관동
원상복구편의점철거스터디카페철거중국집철거셀프사진관철거,서울 은평구 진관동,진관동
